"ID","age","sex","treatment","smoker","rs93874","rs56821","rs21972","rs72794","rs57179","rs15365","rs91154","rs19486","rs59798","rs13977","rs21843","rs31247","rs91783","rs69792","rs82922","rs88128","rs87926","rs11326","rs18317","rs83336","rs67611","rs56579","rs57586","rs26922","rs19245","rs47951","rs77787","rs29978","rs35374","rs88447","rs91479","rs24192","rs58943","rs29772","rs41227","rs31255","rs15488","rs84473","rs78356","rs79273","rs34168","rs57298","rs72959","rs59119","rs65498","rs64743","rs14154","rs36733","rs97964","rs78369","rs123456","AF","PR"
1,32,"Female","B","N","1","0","0","0","1","0","1","2","1","1","0","1","1","1","1","1","2","0","1","0","0","2","0","0","1","0","1","2","1","1","1","2","1","2","2","1","0","2","0","1","1","0","1","1","0","2","1","1","0","2","0",67.4581359899402,"no"
2,43,"Female","B","N","0","1","1","2","0","1","1","0","1","0","1","2","1","2","2","0","0","1","0","1","2","1","2","0","2","1","2","0","1","1","1","0","0","2","1","1","2","2","1","2","2","0","0","2","0","2","0","1","2","1","0",90.1566714914816,"yes"
3,31,"Female","C","N","1","0","0","0","1","2","1","1","2","1","1","0","1","1","0","1","1","0","0","1","0","1","1","0","0","1","1","1","2","2","2","1","2","0","1","0","1","1","1","2","0","1","1","1","1","0","2","1","0","0","0",67.1151851495703,"no"
4,40,"Female","C","N","2","2","2","2","0","2","0","1","1","0","2","1","1","1","0","2","1","2","0","0","0","1","0","1","0","2","1","1","1","1","0","2","1","1","1","1","1","1","1","0","1","0","1","0","2","0","2","1","1","0","0",83.8405379977477,"yes"
5,37,"Female","C","N","2","1","1","0","2","0","1","0","0","0","1","0","2","0","2","1","0","1","2","1","1","2","2","1","1","1","2","1","1","0","1","1","0","1","2","1","2","1","0","0","0","0","2","1","0","1","1","2","1","1","0",78.2685375576818,"yes"
6,32,"Male","A","N","1","2","0","1","0","2","0","2","2","0","1","1","1","1","0","1","1","1","1","1","2","0","0","1","1","2","1","1","2","1","0","0","0","1","0","2","1","0","1","0","1","1","1","1","1","0","1","2","0","0","0",36.3224045693865,"yes"
7,31,"Female","A","N","1","1","2","0","1","1","1","1","0","2","1","0","0","2","1","2","1","0","1","0","0","1","2","0","1","1","2","1","2","1","0","1","1","1","0","0","1","2","0","2","0","2","0","2","1","1","1","1","2","1","0",35.0636966250125,"no"
8,29,"Male","C","N","0","1","0","1","0","0","1","0","1","2","1","2","0","0","0","1","1","1","1","0","1","2","2","1","0","2","2","0","0","2","0","2","2","0","1","0","2","2","2","2","1","1","1","0","2","2","0","0","1","1","0",63.6193616013284,"no"
9,30,"Female","A","N","0","1","0","0","0","1","1","2","1","2","0","2","1","1","2","1","0","0","1","1","1","0","1","1","0","2","1","0","2","1","2","1","2","2","0","1","1","0","2","1","1","1","1","0","0","0","2","1","1","1","0",33.5523410133327,"no"
10,32,"Male","B","N","1","1","2","1","0","1","0","2","0","1","2","0","0","0","1","0","1","2","1","1","1","1","1","1","0","0","2","2","2","1","1","0","1","2","1","1","1","0","1","2","1","1","0","1","0","1","1","0","1","0","0",68.2226346904257,"no"
11,41,"Male","B","N","1","1","0","1","1","1","0","2","0","0","0","1","2","2","1","1","1","1","1","2","0","2","1","2","0","2","1","1","1","0","1","2","1","0","1","1","0","1","1","1","1","1","0","1","2","1","1","2","1","2","0",86.0640202565929,"yes"
12,41,"Female","B","N","0","2","1","0","2","1","1","1","1","1","1","0","0","1","2","0","2","1","1","2","0","1","1","0","1","0","1","1","1","1","1","1","2","1","1","1","1","1","0","2","1","2","2","1","0","1","1","0","0","0","0",84.7111653211476,"yes"
13,42,"Male","A","N","1","1","2","1","0","1","2","0","0","1","0","1","2","2","2","1","0","2","2","1","1","2","0","1","0","1","2","1","1","0","2","1","2","2","1","1","1","1","2","1","1","0","0","1","1","2","0","0","2","2","0",44.2017388507094,"yes"
14,40,"Female","A","N","0","0","2","1","1","0","1","2","1","0","2","2","0","1","2","0","0","1","1","0","0","0","1","0","0","1","0","1","0","1","2","1","0","1","1","1","1","0","0","2","1","1","1","2","1","0","1","0","1","2","0",44.8899695881166,"yes"
15,36,"Female","B","N","0","1","1","1","0","1","0","0","0","1","1","0","0","1","1","0","1","2","1","2","1","0","0","1","1","1","1","1","2","2","1","1","0","0","1","0","0","2","0","2","0","1","2","2","1","0","1","0","1","1","0",73.7863067797906,"yes"
16,26,"Female","A","N","1","1","0","2","2","1","1","2","0","0","1","0","2","1","1","1","2","2","0","2","2","0","1","1","2","1","1","0","1","2","1","0","2","2","1","0","1","0","0","0","2","1","0","0","1","1","2","1","1","1","0",28.8016471585249,"yes"
17,25,"Female","C","N","1","2","2","2","1","2","0","2","2","2","2","1","2","2","1","1","2","2","1","1","2","1","2","2","1","0","0","2","2","2","1","2","2","2","1","0","0","2","0","2","0","1","1","2","1","1","1","1","0","2","0",54.2563173530677,"no"
18,37,"Female","C","N","0","2","1","1","0","0","2","1","2","1","1","1","0","2","1","1","1","0","0","1","1","1","0","2","1","1","0","0","2","1","2","0","1","1","0","1","1","0","1","0","1","0","1","2","1","1","1","1","0","1","0",77.8084799460417,"no"
19,29,"Female","C","N","1","0","2","0","0","1","1","1","0","1","1","1","1","2","1","0","2","1","1","1","1","1","1","0","2","0","1","2","2","2","1","0","1","2","2","1","2","0","2","2","0","2","1","2","0","0","2","2","0","0","0",61.7898733523927,"no"
20,30,"Male","C","N","0","0","0","0","1","0","2","2","1","1","0","0","1","1","2","2","1","1","0","2","0","0","1","1","1","1","0","0","2","0","1","0","0","1","1","1","1","1","0","1","2","1","1","1","1","0","1","1","0","0","0",63.4998218837656,"no"
21,31,"Male","C","N","1","0","1","0","2","1","2","2","1","1","0","2","1","1","1","1","1","1","0","1","1","1","1","0","2","1","0","1","1","2","2","1","1","2","1","1","0","0","1","1","1","0","1","0","0","0","1","1","2","1","0",67.8822138904472,"yes"
22,42,"Male","C","N","1","1","0","0","2","0","0","0","2","2","1","1","1","1","1","2","1","0","1","2","1","1","0","0","2","0","1","1","2","1","2","0","1","1","2","0","1","1","1","2","2","1","1","1","0","2","1","1","2","1","0",87.7600265736998,"yes"
23,37,"Male","B","N","2","0","2","1","2","1","2","0","0","1","1","0","0","1","0","0","1","1","1","1","1","1","2","0","2","1","1","2","1","1","0","2","1","1","0","1","1","2","1","0","0","0","2","2","1","2","1","1","0","2","0",77.0991272622695,"no"
24,28,"Male","B","N","1","1","1","1","0","1","1","0","1","2","1","2","0","2","0","2","1","2","0","0","0","1","1","2","2","1","1","1","1","1","1","1","1","2","2","2","0","0","1","0","2","2","0","1","1","0","1","2","0","0","0",61.1949874829644,"no"
25,25,"Female","B","N","1","0","0","1","1","0","2","1","0","1","1","0","1","2","2","1","1","0","1","1","0","1","2","0","2","1","2","1","1","1","1","1","1","0","1","1","1","2","2","0","1","0","0","2","0","1","1","1","2","0","0",53.9127469443284,"no"
26,39,"Male","A","N","1","1","0","1","1","2","1","0","1","1","0","0","1","1","0","0","1","1","1","0","1","1","2","0","1","0","1","1","1","0","0","1","1","1","2","0","2","2","1","1","0","0","0","1","1","1","0","1","2","0","0",41.7522103265841,"yes"
27,28,"Male","A","N","0","0","2","2","2","0","1","1","1","2","0","1","0","0","1","0","1","1","2","0","1","1","1","2","1","0","1","1","1","0","2","2","1","2","1","1","1","2","1","1","0","2","2","0","1","2","1","1","2","0","0",31.7095337404353,"no"
28,25,"Male","C","N","2","1","2","1","2","1","0","0","1","2","1","0","0","1","0","1","1","0","0","2","1","1","2","2","0","1","0","1","1","0","2","1","1","0","2","2","2","0","1","2","0","1","2","1","1","2","0","0","1","0","0",54.4086492208401,"no"
29,36,"Female","C","N","2","1","1","0","2","0","2","0","1","1","1","0","1","0","1","2","1","2","1","0","1","1","1","1","1","1","0","0","0","1","2","2","2","1","0","1","0","1","2","0","1","1","1","1","1","1","1","0","1","0","0",75.7344111531928,"yes"
30,44,"Male","C","N","1","2","2","0","0","1","1","1","1","1","1","1","2","1","2","1","0","2","1","1","1","1","1","1","1","0","1","0","2","0","0","1","0","1","0","2","2","0","1","2","1","2","2","0","0","1","0","1","0","1","0",92.5207822299984,"yes"
31,26,"Female","C","N","0","2","1","1","1","1","2","1","1","0","1","1","0","0","2","0","1","1","2","1","0","1","0","1","1","2","1","2","1","0","0","1","0","1","2","0","1","0","1","0","1","2","1","2","1","1","0","1","1","1","0",53.4414302468429,"no"
32,45,"Male","B","N","0","1","1","2","0","2","1","1","1","1","1","0","1","1","1","2","1","1","0","1","1","1","1","1","2","1","1","1","2","1","1","1","0","2","2","1","1","1","1","2","1","1","1","2","2","0","1","2","1","1","0",95.9853034848694,"yes"
33,28,"Female","A","N","1","0","0","1","1","1","1","1","0","1","0","1","0","1","0","0","0","1","1","2","2","1","1","1","0","2","0","1","1","0","2","2","2","2","1","1","2","1","1","1","2","2","1","2","2","1","1","1","0","1","0",30.5616248591799,"no"
34,42,"Male","B","N","2","0","0","1","2","1","2","1","1","2","1","1","1","1","0","0","1","0","1","1","0","1","0","2","1","1","1","0","2","0","0","0","1","2","1","2","1","2","2","1","1","0","1","1","1","0","1","0","1","1","0",85.7033063618037,"yes"
35,41,"Female","A","N","2","1","0","0","1","0","1","1","1","1","2","2","2","1","1","0","1","0","2","1","0","1","2","2","2","1","1","1","1","2","2","0","0","1","2","2","1","1","0","1","0","0","2","1","1","1","0","1","2","2","0",43.5388326732611,"yes"
36,37,"Male","B","N","0","0","1","2","0","0","2","1","0","1","2","2","0","1","2","1","1","1","2","0","1","1","1","1","1","2","2","1","1","0","1","2","1","1","1","2","0","1","2","0","0","2","1","1","2","2","0","1","0","1","0",78.7856005726955,"yes"
37,34,"Male","A","N","1","1","0","0","1","1","1","2","2","1","2","2","1","1","2","1","2","0","1","0","2","0","1","1","0","0","2","0","2","1","0","1","1","0","1","2","1","2","0","2","1","1","1","0","1","0","1","2","2","1","0",37.2589905961241,"no"
38,27,"Male","A","N","0","1","1","1","0","2","1","1","0","1","1","2","1","2","1","0","1","0","1","0","0","1","1","2","0","0","0","1","2","0","2","0","2","0","0","0","0","0","0","2","0","2","0","0","1","1","2","1","2","1","0",29.1621279330301,"no"
39,45,"Male","C","N","1","0","1","1","0","1","1","1","2","0","2","1","1","0","0","1","0","2","2","0","1","0","2","0","2","2","0","1","0","1","1","1","1","1","1","1","1","1","1","0","2","1","1","1","1","2","0","0","1","1","0",95.3559620730211,"yes"
40,25,"Female","A","N","1","1","1","1","0","0","1","1","2","1","0","2","1","1","2","0","0","1","1","2","1","0","1","1","1","1","1","0","0","0","2","0","1","0","1","1","0","0","2","2","1","1","1","1","1","1","1","1","1","1","0",26.0212082535567,"yes"
41,43,"Male","C","N","1","1","1","2","2","1","1","0","2","1","0","1","1","2","2","0","1","0","1","0","0","2","2","0","1","1","2","0","1","0","2","1","2","1","0","1","0","0","0","0","0","2","0","0","2","1","1","1","1","1","0",88.8500657721283,"yes"
42,34,"Male","A","N","1","0","1","1","1","2","2","2","1","0","2","1","1","1","1","1","2","1","0","2","1","2","1","2","0","0","1","1","0","1","1","1","2","1","1","0","1","2","1","1","1","2","0","1","1","2","1","1","1","1","0",36.0947061362502,"no"
43,44,"Female","B","N","1","1","1","0","1","1","1","2","2","2","1","1","1","1","2","1","0","1","1","2","1","2","2","1","1","0","1","2","0","0","2","1","1","0","1","1","1","0","2","0","0","2","2","1","2","0","0","1","1","2","0",89.2742762407061,"yes"
44,26,"Female","C","N","0","1","0","0","0","1","1","0","0","0","2","0","1","2","1","1","1","1","0","2","0","0","2","2","2","1","0","1","2","1","0","1","0","0","1","2","1","0","0","0","0","1","2","2","0","0","1","1","1","1","0",57.3008608755729,"no"
45,43,"Female","B","N","0","2","2","0","2","2","0","0","0","1","1","1","1","0","2","2","1","1","1","2","1","1","2","1","1","2","0","1","1","2","1","0","0","2","0","1","1","1","0","2","1","1","1","1","1","0","1","1","1","0","0",89.8598571739524,"yes"
46,28,"Male","C","N","2","1","0","0","0","1","2","1","1","1","0","2","2","2","1","1","2","1","1","1","1","1","2","0","1","0","0","0","1","0","1","2","2","2","2","1","2","1","1","1","0","1","1","2","1","0","1","1","0","1","0",59.0101228379701,"no"
47,32,"Male","A","N","1","2","1","1","0","2","1","1","0","0","1","1","1","1","0","1","1","1","0","0","1","1","0","1","1","1","0","2","0","0","0","1","1","2","1","1","0","1","0","1","1","1","1","0","0","1","2","0","1","1","0",34.5787578675376,"no"
48,36,"Female","C","N","2","0","1","1","1","1","0","2","1","2","0","1","1","1","0","2","2","1","0","1","2","1","1","1","1","2","1","1","1","2","1","1","1","1","2","0","2","1","2","1","0","1","0","1","0","0","0","1","1","1","0",75.7390921052366,"no"
49,38,"Female","C","N","1","1","0","1","0","2","1","2","1","1","1","1","1","2","1","1","2","0","2","1","1","1","0","1","0","1","1","0","2","1","2","1","0","1","1","2","1","1","1","1","2","1","0","1","0","1","1","2","2","2","0",79.4914496535516,"no"
50,25,"Female","C","N","0","1","0","1","0","1","1","0","2","1","0","2","0","1","2","1","0","2","0","1","2","1","1","1","1","0","2","0","1","0","2","1","2","0","1","1","1","2","0","1","2","0","2","2","2","1","2","1","2","2","0",53.8184174492924,"no"
51,25,"Female","C","N","1","0","1","1","1","0","1","2","2","0","2","1","1","1","2","0","1","1","0","1","1","1","2","1","1","0","1","0","0","1","1","1","1","1","1","0","1","1","2","2","0","2","1","1","2","1","1","0","0","1","0",53.4752753066878,"no"
52,35,"Male","C","N","2","1","0","0","0","0","2","0","0","0","0","1","2","1","1","1","1","1","0","0","0","1","0","1","1","0","1","0","1","1","0","1","2","2","2","0","1","0","0","1","2","0","0","1","0","1","1","1","0","0","0",71.9389830355526,"no"
53,26,"Male","A","N","2","2","2","2","1","1","2","1","0","1","0","2","2","0","1","0","1","2","0","0","0","1","1","0","1","1","1","2","0","2","2","1","2","1","1","1","1","0","1","1","1","1","1","1","0","1","1","2","2","0","0",31.5778924240817,"no"
54,26,"Male","C","N","2","1","1","2","2","0","1","0","1","1","2","0","1","2","1","1","1","1","1","0","1","1","1","1","1","2","2","2","1","2","1","1","2","1","0","1","2","1","1","1","0","0","1","2","1","1","0","2","1","1","0",56.043983966491,"no"
55,40,"Male","C","N","2","2","0","0","1","1","0","0","1","1","1","0","0","1","1","1","0","1","2","1","0","0","1","0","0","1","1","0","1","0","1","1","1","1","0","1","2","0","1","0","1","2","1","0","1","1","1","1","1","1","0",83.6828618952587,"yes"
56,26,"Male","C","N","1","1","1","1","0","2","1","0","2","1","0","2","0","0","0","1","0","1","1","0","1","1","2","1","0","1","1","0","0","1","0","1","1","2","0","0","0","1","2","1","2","0","0","0","1","0","1","2","1","2","0",56.9370555668576,"no"
57,37,"Female","B","N","1","2","1","1","1","0","1","0","1","1","2","2","1","1","2","2","1","0","1","1","2","1","1","1","1","0","0","2","2","1","1","1","1","2","2","1","0","1","1","0","2","2","2","1","0","1","1","1","2","2","0",77.7975876946256,"no"
58,42,"Male","A","N","2","0","1","0","1","1","1","2","1","1","1","1","2","1","0","2","1","1","1","1","0","1","0","0","1","0","2","0","0","2","2","2","2","0","1","0","0","0","2","2","1","0","0","0","2","1","1","2","1","1","0",45.3994820489549,"yes"
59,29,"Female","C","N","1","0","1","1","2","2","2","0","1","1","2","1","1","1","0","0","1","1","2","1","2","0","2","1","1","1","1","1","0","0","1","1","2","1","2","1","0","1","1","1","0","2","2","1","0","0","1","1","0","2","0",61.0734297693316,"yes"
60,41,"Female","B","N","1","1","1","2","0","2","1","2","2","1","0","0","1","0","1","2","1","1","1","0","1","0","2","1","1","0","1","1","1","2","1","2","1","1","1","1","2","1","1","1","2","1","0","2","0","2","2","1","1","1","0",84.9930792333542,"yes"
61,27,"Male","C","N","1","1","1","2","2","1","0","1","2","0","0","1","1","1","0","1","1","0","1","1","2","0","0","1","2","1","1","0","1","1","1","0","0","0","0","2","1","1","2","0","1","1","1","0","1","1","1","1","1","0","0",59.0159000242167,"no"
62,42,"Male","C","N","1","1","0","2","2","0","1","1","1","1","2","0","2","0","1","2","2","0","0","1","1","1","0","2","0","1","1","2","2","2","0","1","1","0","0","1","2","1","0","2","1","0","2","0","2","0","1","0","1","1","0",86.5520653643022,"yes"
63,34,"Male","B","N","2","1","1","1","1","1","2","0","0","2","1","2","1","2","0","1","1","1","2","1","2","1","2","0","1","2","1","1","1","0","2","1","1","1","2","2","1","1","2","0","0","1","1","2","0","2","0","1","2","1","0",71.8386086788538,"no"
64,,"Female","B","N","0","0","1","1","0","1","0","2","2","1","2","1","1","2","1","1","1","1","1","1","1","1","0","1","0","0","0","1","1","1","0","1","0","0","1","0","2","2","1","0","1","0","1","1","1","0","0","0","1","1","0",90.4955864621379,"yes"
65,29,"Female","B","N","1","1","2","2","1","1","1","1","0","2","0","1","2","2","0","1","0","2","2","1","0","1","2","1","2","1","0","0","2","0","2","2","1","0","1","1","2","1","1","1","0","1","1","1","1","0","1","1","0","1","0",61.0450475358794,"no"
66,36,"Male","B","N","2","1","1","1","2","2","0","1","1","0","0","0","1","0","0","0","1","0","0","2","0","0","1","1","2","1","0","1","0","1","1","1","1","0","2","1","2","0","0","1","0","1","1","0","1","1","2","0","0","1","0",77.4682343584271,"yes"
67,42,"Female","A","N","2","1","0","2","2","2","0","0","0","0","2","0","0","1","0","0","0","1","1","1","1","2","0","0","1","0","1","1","1","1","0","1","1","0","0","1","0","1","2","0","1","1","1","0","1","2","2","0","0","1","0",43.6235603975594,"yes"
68,,"Female","C","N","0","1","2","2","0","2","2","0","0","2","2","1","1","0","1","2","1","1","1","1","1","1","0","1","1","1","0","2","0","2","0","1","2","1","0","0","1","1","1","2","2","1","1","0","2","0","1","1","1","0","0",90.0928321941557,"no"
69,39,"Female","B","N","1","1","2","2","0","0","0","0","1","2","0","1","0","0","0","2","2","0","1","2","1","1","1","0","1","2","1","2","1","2","0","2","0","2","2","0","1","1","2","1","1","1","1","0","1","1","2","0","2","0","0",82.1936404433763,"yes"
70,30,"Male","C","N","2","2","2","1","0","1","1","1","2","0","0","1","1","0","1","0","1","1","2","1","0","1","1","1","0","1","0","1","0","2","1","1","1","1","1","0","1","2","1","1","1","1","1","1","2","2","0","1","2","1","0",64.3087780641417,"no"
71,41,"Female","B","N","1","0","1","1","1","1","0","0","1","1","0","1","0","0","2","0","1","2","1","1","0","2","1","0","1","0","1","2","0","0","1","1","1","0","1","1","1","1","2","1","2","1","1","1","0","0","1","0","1","1","0",84.9091491855065,"yes"
72,40,"Male","A","N","0","1","0","1","1","0","1","2","0","2","1","1","0","2","2","1","2","0","0","0","2","2","1","2","0","1","2","2","1","2","1","0","1","2","0","1","1","1","0","1","2","1","1","2","1","0","1","0","2","0","0",43.3238326123148,"yes"
73,36,"Female","B","N","0","2","1","1","0","1","1","0","2","0","0","0","1","0","1","1","2","1","1","1","1","1","0","2","1","1","2","0","2","1","1","0","0","1","0","2","2","0","1","0","0","1","2","1","1","1","1","2","1","0","0",75.35757995636,"yes"
74,28,"Female","B","N","2","1","1","1","0","1","1","1","1","1","1","0","2","0","1","1","1","1","1","1","2","1","1","1","1","0","1","2","1","2","0","0","1","1","1","1","2","2","2","2","2","1","1","2","2","1","2","1","0","1","0",60.2913673048208,"yes"
75,40,"Male","B","N","2","0","1","1","2","1","1","1","1","0","2","2","2","2","2","2","0","0","1","1","2","1","1","1","1","0","1","1","0","1","0","1","1","0","0","1","0","2","0","1","2","1","2","1","1","1","1","1","1","2","0",83.6357503973294,"yes"
76,42,"Male","A","N","0","1","2","2","0","1","0","1","0","0","1","2","0","1","2","2","1","0","1","1","1","2","1","1","1","2","0","0","1","2","1","0","0","0","1","0","1","0","2","1","0","1","2","0","1","2","0","2","0","0","0",47.4049558581497,"yes"
77,37,"Male","A","N","0","2","2","2","0","1","1","2","2","0","1","1","1","2","1","1","1","0","0","1","2","0","1","1","0","0","2","1","2","2","0","1","1","0","0","0","1","0","1","1","0","0","0","1","1","2","1","1","1","0","0",40.4233553620814,"no"
78,29,"Male","C","N","0","1","1","2","1","0","2","0","1","1","2","1","0","0","0","1","1","2","1","0","1","1","1","1","2","1","0","2","1","1","1","0","1","0","1","2","1","0","0","1","2","1","1","1","1","1","2","1","0","1","0",62.6889946445047,"no"
79,38,"Male","A","N","0","1","1","1","1","2","0","1","0","0","2","2","1","1","1","2","1","0","1","0","2","1","1","1","1","2","2","2","2","1","1","0","1","1","1","1","1","1","0","0","1","1","2","0","1","0","1","0","1","1","0",43.3544136003307,"no"
80,44,"Male","A","N","1","1","1","2","1","0","0","1","0","2","2","0","0","0","0","0","1","0","1","2","0","1","0","0","2","0","0","0","0","1","1","1","0","1","0","0","0","1","2","0","1","2","2","1","1","1","2","0","0","1","0",47.1174812504103,"yes"
81,35,"Male","C","N","0","1","2","1","0","2","0","0","0","1","0","0","2","0","0","1","1","0","1","1","2","0","1","1","1","0","0","0","1","0","1","1","0","1","0","1","0","1","2","0","1","0","0","1","1","1","2","0","2","2","0",74.8012844279125,"yes"
82,31,"Female","A","N","1","1","1","1","1","2","0","2","2","1","1","1","1","1","1","2","1","0","1","0","1","2","1","2","2","1","1","1","1","1","1","2","0","0","0","1","2","2","1","2","0","2","1","1","2","2","1","2","1","0","0",33.8152772180249,"yes"
83,37,"Male","B","N","2","1","0","1","1","0","1","1","1","0","0","2","1","0","1","0","0","1","2","1","1","1","0","0","2","1","2","1","1","1","1","0","1","0","2","1","2","1","0","1","2","1","1","0","1","0","0","2","2","0","0",78.1869579512433,"yes"
84,39,"Female","A","N","0","2","2","0","2","1","1","2","2","1","0","1","1","2","0","1","2","2","2","1","2","1","1","1","0","2","2","2","1","1","0","2","1","0","1","1","0","1","1","1","2","0","1","1","0","0","0","0","2","1","0",42.0377221986758,"no"
85,28,"Female","A","N","0","1","0","1","1","2","1","2","0","1","0","0","1","0","1","0","0","2","2","1","1","0","2","2","1","2","2","1","0","1","1","2","0","0","1","0","1","1","1","1","1","0","1","1","2","1","1","2","1","0","0",33.2982076724548,"no"
86,31,"Female","A","N","1","1","1","1","1","2","0","0","2","2","1","2","0","0","2","1","1","0","1","2","1","0","0","2","1","1","2","0","0","1","1","2","1","0","1","0","0","1","0","2","2","1","0","1","0","1","1","0","1","1","0",32.3852778293734,"yes"
87,45,"Female","A","N","2","1","1","2","1","1","2","1","2","0","2","1","1","1","1","2","1","1","2","0","1","1","1","0","0","2","0","1","1","1","0","1","0","2","0","1","1","2","1","1","1","2","1","1","1","2","1","1","0","2","0",47.9561163707336,"yes"
88,28,"Female","C","N","1","0","0","1","1","0","2","2","1","1","1","0","1","0","2","0","1","2","2","2","2","0","0","1","1","1","1","1","0","1","0","0","0","1","1","1","2","1","1","2","1","1","1","2","1","0","2","1","1","1","0",57.3116023401875,"no"
89,39,"Male","C","N","1","2","0","0","2","0","2","1","0","2","0","1","1","0","1","1","2","0","0","1","0","1","0","1","0","1","1","1","1","1","0","0","2","1","2","1","1","2","2","0","2","1","1","0","1","0","2","2","1","1","0",81.4918917260957,"yes"
90,33,"Male","A","N","0","1","1","2","1","0","1","2","1","2","2","1","0","1","1","1","1","1","1","2","2","2","2","2","1","1","0","1","1","1","0","1","0","2","0","2","2","1","0","1","2","1","1","0","1","1","1","2","1","0","0",36.4515506262537,"no"
91,28,"Female","C","N","1","1","0","0","0","2","0","1","0","1","2","2","1","2","1","1","0","0","2","1","1","1","1","1","1","1","1","1","0","2","2","2","0","1","1","1","2","1","2","0","1","1","1","1","1","0","1","2","1","2","0",60.1913321430043,"yes"
92,35,"Female","B","N","2","1","0","2","2","1","1","1","1","2","0","0","1","1","2","0","2","2","1","2","0","1","2","2","1","1","2","1","1","1","0","1","2","0","2","2","1","1","1","1","0","1","0","1","1","1","0","1","1","1","0",74.4967316758299,"no"
93,31,"Female","A","N","1","0","1","0","0","2","1","1","0","2","1","2","1","0","1","2","1","1","0","2","1","1","1","2","1","1","2","1","1","1","1","2","2","1","2","1","1","0","2","0","2","0","2","1","1","0","0","1","1","1","0",33.0588267994293,"yes"
94,26,"Female","A","N","0","0","0","0","0","1","1","1","0","1","0","2","2","2","2","0","1","1","1","1","1","2","1","1","2","2","1","1","2","0","2","1","0","0","1","1","2","1","1","1","1","1","2","1","1","1","1","2","1","1","0",27.4674105797332,"yes"
95,25,"Female","C","N","1","1","0","1","1","1","1","1","1","1","1","1","2","1","1","1","0","1","2","0","0","1","1","2","2","0","1","2","1","2","2","1","1","0","1","0","0","0","1","1","1","1","2","1","0","1","0","2","1","2","0",52.7699369324259,"no"
96,37,"Male","C","N","1","1","2","1","2","1","1","2","2","2","1","1","2","2","0","0","1","0","1","1","0","1","0","2","1","2","1","1","0","0","0","1","2","1","0","1","1","1","1","0","1","1","0","2","1","1","2","2","2","0","0",77.449818891373,"yes"
97,35,"Male","A","N","2","1","1","0","1","0","1","1","0","1","1","0","1","0","0","2","1","0","0","0","1","1","1","1","2","1","1","2","0","2","2","0","0","1","1","1","0","1","0","0","1","1","1","0","2","1","0","2","2","1","0",38.7449684826487,"no"
98,28,"Female","C","N","1","1","1","0","2","2","1","2","1","1","1","0","0","2","0","0","1","1","2","2","0","1","1","0","0","1","0","1","0","1","1","0","1","1","0","1","0","0","1","1","2","1","0","2","1","2","1","1","2","1","0",59.0303440307733,"no"
99,33,"Male","B","N","1","0","1","1","1","1","0","1","0","0","1","2","1","0","0","2","1","1","1","0","1","2","1","0","1","0","0","0","0","2","2","1","1","0","2","0","1","2","2","2","1","0","0","0","0","0","0","1","0","2","0",71.6712564368313,"yes"
100,25,"Female","B","N","0","2","1","2","1","2","1","0","1","2","2","1","2","1","1","0","2","1","1","2","2","1","1","1","1","0","0","1","1","2","2","1","1","1","0","1","0","2","0","1","2","1","2","1","2","2","1","0","0","1","0",54.338019028939,"no"
